<?xml version="1.0" encoding="UTF-8" standalone="yes"?>
<addon id="script.service.pip" name="Picture-in-Picture Service" version="1.1.0" provider-name="mltobi">
	<requires>
		<import addon="xbmc.python" version="2.7.16"/>
	</requires>
	<extension point="xbmc.service" library="pipservice.py"></extension>
	<extension point="xbmc.addon.metadata">
		<summary lang="en_GB">Picture-in-Picture service</summary>
		<description lang="en_GB">Automatically run Picture-in-Picture service code when Kodi starts. Use ramdisk for temporary folder!</description>
		<summary lang="de_DE">Picture-in-Picture Dienst</summary>
		<description lang="de_DE">Picture-in-Picture Dienst starte automatisch wenn Kodi startet. Verwende Ramdisk für den temporären Ordner!</description>
		<platform>all</platform>
		<license>GNU GENERAL PUBLIC LICENSE Version 2</license>
		<source>https://github.com/mltobi/kodi-pip-addon</source>	
		<news>
V1.1.0 (2021-08-30) - Released
- Added "wait"-image that is displayed while ffmpeg starts to capture the stream
- Used ramdisk /dev/shm as temporary folder by default #3
  - If /dev/shm is no accessible or a non-Linux platform is detected user has to create and configure a folder on a ramdisk manually!
- Added channel number and channel name to a displayed pip image #4
- Made key shortcuts configurable (toggle, back to channel, channel up and channel down) #5
               </news>
		<assets>
		    	<icon>resources/icon.png</icon>
			<screenshot>resources/screenshot-01.png</screenshot>
			<screenshot>resources/screenshot-02.png</screenshot>
    		</assets>
	</extension>
</addon>

